t_s,gpu_util_pct,mem_used_mib,power_w,temp_c,sclk_mhz,mclk_mhz,util_nc0,util_nc1,host_mem_used_mib
0.0,,,,,,,,,
1.0,,,,,,,,,
2.0,0.0,0.0,,,,,0.0,0.0,0.0
3.0,0.0,0.0,,,,,0.0,0.0,0.0
4.0,0.0,0.0,,,,,0.0,0.0,0.0
5.0,0.0,0.0,,,,,0.0,0.0,0.0
6.0,0.0,0.0,,,,,0.0,0.0,0.0
7.0,0.0,0.0,,,,,0.0,0.0,0.0
8.0,0.0,0.0,,,,,0.0,0.0,0.0
9.0,0.0,0.0,,,,,0.0,0.0,0.0
10.0,0.0,0.0,,,,,0.0,0.0,2223.9
11.0,0.0,0.0,,,,,0.0,0.0,2223.9
12.0,0.0,0.0,,,,,0.0,0.0,2223.9
13.0,0.0,0.0,,,,,0.0,0.0,2223.9
14.0,0.0,0.0,,,,,0.0,0.0,2223.9
15.0,0.0,3.4,,,,,0.0,0.0,2228.4
16.0,0.21,356.0,,,,,0.21,0.21,2604.5
17.0,0.0,356.0,,,,,0.0,0.0,3867.6
18.0,0.0,356.0,,,,,0.0,0.0,4732.8
19.0,0.0,356.0,,,,,0.0,0.0,4991.3
20.0,0.0,356.0,,,,,0.0,0.0,5288.5
21.0,0.0,356.0,,,,,0.0,0.0,5697.3
22.0,0.0,356.0,,,,,0.0,0.0,9434.4
23.0,0.02,356.7,,,,,0.02,0.02,5533.2
24.0,0.0,356.7,,,,,0.0,0.0,5533.2
25.0,8.36,1644.2,,,,,5.06,11.66,5461.0
26.0,0.0,2548.7,,,,,0.0,0.0,5337.8
27.0,0.0,2548.7,,,,,0.0,0.0,5364.5
28.0,0.0,2548.7,,,,,0.0,0.0,5364.5
29.0,0.0,2548.7,,,,,0.0,0.0,5364.5
30.0,0.0,2548.7,,,,,0.0,0.0,5364.6
31.0,0.0,2548.7,,,,,0.0,0.0,5364.6
32.0,0.0,2548.7,,,,,0.0,0.0,5364.6
33.0,0.0,2548.7,,,,,0.0,0.0,5364.6
34.01,0.0,2548.7,,,,,0.0,0.0,5364.6
35.01,0.0,2548.7,,,,,0.0,0.0,5364.6
36.01,0.0,2548.7,,,,,0.0,0.0,5364.6
37.01,0.0,2548.7,,,,,0.0,0.0,5364.6
38.01,0.0,2548.7,,,,,0.0,0.0,5364.6
39.01,0.0,2548.7,,,,,0.0,0.0,5364.6
40.01,0.0,2548.7,,,,,0.0,0.0,5364.6
41.01,0.0,2548.7,,,,,0.0,0.0,5364.6
42.01,0.0,2548.7,,,,,0.0,0.0,5364.6
43.01,0.0,2548.7,,,,,0.0,0.0,5364.6
44.01,0.0,2548.7,,,,,0.0,0.0,5364.6
45.02,0.0,2548.7,,,,,0.0,0.0,5364.6
46.02,0.0,2548.7,,,,,0.0,0.0,5364.6
47.02,0.0,2548.7,,,,,0.0,0.0,5364.6
48.02,0.0,2548.7,,,,,0.0,0.0,5364.6
49.02,0.0,2548.7,,,,,0.0,0.0,5364.6
50.02,0.0,2548.7,,,,,0.0,0.0,5364.6
51.02,0.0,2548.7,,,,,0.0,0.0,5364.6
52.02,0.0,2548.7,,,,,0.0,0.0,5364.6
53.02,0.0,2548.7,,,,,0.0,0.0,5364.6
54.02,0.0,2548.7,,,,,0.0,0.0,5364.6
55.02,0.0,2548.7,,,,,0.0,0.0,5364.6
56.02,0.0,2548.7,,,,,0.0,0.0,5364.6
57.02,0.0,2548.7,,,,,0.0,0.0,5364.6
58.02,0.0,2548.7,,,,,0.0,0.0,5364.6
59.02,0.0,2548.7,,,,,0.0,0.0,5364.6
60.02,0.0,2548.7,,,,,0.0,0.0,5364.6
61.02,0.0,2548.7,,,,,0.0,0.0,5364.6
62.02,0.0,2548.7,,,,,0.0,0.0,5364.6
63.02,0.0,2548.7,,,,,0.0,0.0,5364.6
64.02,0.0,2548.7,,,,,0.0,0.0,5364.6
65.02,0.0,2548.7,,,,,0.0,0.0,5364.6
66.02,0.0,2548.7,,,,,0.0,0.0,5364.6
67.02,0.0,2548.7,,,,,0.0,0.0,5364.6
68.02,0.0,2548.7,,,,,0.0,0.0,5364.6
69.02,0.0,2548.7,,,,,0.0,0.0,5364.6
70.03,0.0,2548.7,,,,,0.0,0.0,5364.6
71.03,0.0,2548.7,,,,,0.0,0.0,5364.6
72.03,0.0,2548.7,,,,,0.0,0.0,5364.6
73.03,0.0,2548.7,,,,,0.0,0.0,5364.6
74.03,0.0,2548.7,,,,,0.0,0.0,5364.6
75.03,0.0,2548.7,,,,,0.0,0.0,5364.6
76.03,0.0,2548.7,,,,,0.0,0.0,5364.6
77.03,0.0,2548.7,,,,,0.0,0.0,5364.6
78.03,0.0,2548.7,,,,,0.0,0.0,5364.6
79.03,0.0,2548.7,,,,,0.0,0.0,5364.6
80.03,0.0,2548.7,,,,,0.0,0.0,5364.6
81.03,0.0,2548.7,,,,,0.0,0.0,5364.6
82.03,0.0,2548.7,,,,,0.0,0.0,5364.6
83.03,0.0,2548.7,,,,,0.0,0.0,5364.6
84.03,0.0,2548.7,,,,,0.0,0.0,5364.6
85.03,0.0,2548.7,,,,,0.0,0.0,5364.6
86.03,0.0,2548.7,,,,,0.0,0.0,5364.6
87.03,0.0,2548.7,,,,,0.0,0.0,5364.6
88.03,0.0,2548.7,,,,,0.0,0.0,5364.6
89.03,0.0,2548.7,,,,,0.0,0.0,5364.6
90.03,0.0,2548.7,,,,,0.0,0.0,5364.6
91.03,0.0,2548.7,,,,,0.0,0.0,5364.6
92.03,0.0,2548.7,,,,,0.0,0.0,5364.6
93.04,0.0,2548.7,,,,,0.0,0.0,5364.6
94.04,0.0,2548.7,,,,,0.0,0.0,5364.6
95.04,0.0,2548.7,,,,,0.0,0.0,5364.6
96.04,0.0,2548.7,,,,,0.0,0.0,5364.6
97.04,0.0,2548.7,,,,,0.0,0.0,5364.6
98.04,0.0,2548.7,,,,,0.0,0.0,5364.6
99.04,0.0,2548.7,,,,,0.0,0.0,5364.6
100.04,0.0,2548.7,,,,,0.0,0.0,5364.6
101.04,0.0,2548.7,,,,,0.0,0.0,5364.6
102.04,0.0,2548.7,,,,,0.0,0.0,5364.6
103.04,0.0,2548.7,,,,,0.0,0.0,5364.6
104.04,0.0,2548.7,,,,,0.0,0.0,5364.6
105.04,0.0,2548.7,,,,,0.0,0.0,5364.6
106.04,0.0,2548.7,,,,,0.0,0.0,5364.6
107.04,0.0,2548.7,,,,,0.0,0.0,5364.6
108.04,0.0,2548.7,,,,,0.0,0.0,5364.6
109.04,0.0,2548.7,,,,,0.0,0.0,5364.6
110.04,0.0,2548.7,,,,,0.0,0.0,5364.6
111.05,0.0,2548.7,,,,,0.0,0.0,5364.6
112.05,0.0,2548.7,,,,,0.0,0.0,5364.6
113.05,0.0,2548.7,,,,,0.0,0.0,5364.6
114.05,0.0,2548.7,,,,,0.0,0.0,5364.6
115.05,0.0,2548.7,,,,,0.0,0.0,5364.6
116.05,0.0,2548.7,,,,,0.0,0.0,5364.6
117.05,0.0,2548.7,,,,,0.0,0.0,5364.6
118.05,0.0,2548.7,,,,,0.0,0.0,5364.6
119.05,0.0,2548.7,,,,,0.0,0.0,5364.6
120.05,0.0,2548.7,,,,,0.0,0.0,5364.6
121.05,0.0,2548.7,,,,,0.0,0.0,5364.6
122.05,0.0,2548.7,,,,,0.0,0.0,5364.6
123.05,0.0,2548.7,,,,,0.0,0.0,5364.6
124.05,0.0,2548.7,,,,,0.0,0.0,5364.6
125.06,0.0,2548.7,,,,,0.0,0.0,5364.6
126.06,0.0,2548.7,,,,,0.0,0.0,5364.6
127.06,0.0,2548.7,,,,,0.0,0.0,5364.6
128.06,0.0,2548.7,,,,,0.0,0.0,5364.6
129.06,0.0,2548.7,,,,,0.0,0.0,5364.6
130.06,0.0,2548.7,,,,,0.0,0.0,5364.6
131.06,0.0,2548.7,,,,,0.0,0.0,5364.6
132.06,0.0,2548.7,,,,,0.0,0.0,5364.6
133.06,0.0,2548.7,,,,,0.0,0.0,5364.6
134.06,0.0,2548.7,,,,,0.0,0.0,5364.6
135.06,0.0,2548.7,,,,,0.0,0.0,5364.6
136.06,0.0,2548.7,,,,,0.0,0.0,5364.6
137.06,0.0,2548.7,,,,,0.0,0.0,5364.6
138.06,0.0,2548.7,,,,,0.0,0.0,5364.6
139.06,0.0,2548.7,,,,,0.0,0.0,5364.6
140.06,0.0,2548.7,,,,,0.0,0.0,5364.6
141.06,0.0,2548.7,,,,,0.0,0.0,5364.6
142.06,0.0,2548.7,,,,,0.0,0.0,5364.6
143.06,0.0,2548.7,,,,,0.0,0.0,5364.6
144.06,0.0,2548.7,,,,,0.0,0.0,5364.6
145.06,0.0,2548.7,,,,,0.0,0.0,5364.6
146.06,0.0,2548.7,,,,,0.0,0.0,5364.6
147.06,0.0,2548.7,,,,,0.0,0.0,5364.6
148.06,0.0,2548.7,,,,,0.0,0.0,5364.6
149.06,0.0,2548.7,,,,,0.0,0.0,5364.6
150.07,0.0,2548.7,,,,,0.0,0.0,5364.6
151.07,0.0,2548.7,,,,,0.0,0.0,5364.6
152.07,0.0,2548.7,,,,,0.0,0.0,5364.6
153.07,0.0,2548.7,,,,,0.0,0.0,5364.6
154.07,0.0,2548.7,,,,,0.0,0.0,5364.6
155.07,0.0,2548.7,,,,,0.0,0.0,5364.6
156.07,0.0,2548.7,,,,,0.0,0.0,5364.6
157.07,0.0,2548.7,,,,,0.0,0.0,5364.6
158.07,0.0,2548.7,,,,,0.0,0.0,5364.6
159.07,0.0,2548.7,,,,,0.0,0.0,5364.6
160.07,0.0,2548.7,,,,,0.0,0.0,5364.6
161.07,0.0,2548.7,,,,,0.0,0.0,5364.6
162.07,0.0,2548.7,,,,,0.0,0.0,5364.6
163.07,0.0,2548.7,,,,,0.0,0.0,5364.6
164.07,0.0,2548.7,,,,,0.0,0.0,5364.6
165.07,0.0,2548.7,,,,,0.0,0.0,5364.6
166.07,0.0,2548.7,,,,,0.0,0.0,5364.6
167.07,0.0,2548.7,,,,,0.0,0.0,5364.6
168.07,0.0,2548.7,,,,,0.0,0.0,5364.6
169.07,0.0,2548.7,,,,,0.0,0.0,5364.6
170.07,0.0,2548.7,,,,,0.0,0.0,5364.6
171.07,0.0,2548.7,,,,,0.0,0.0,3902.0
172.07,0.0,2548.7,,,,,0.0,0.0,5431.8
173.07,0.0,3792.1,,,,,0.0,0.0,5494.8
174.07,0.0,3975.2,,,,,0.0,0.0,5639.9
175.07,36.77,4128.8,,,,,36.77,36.77,4569.3
176.07,0.0,4128.8,,,,,0.0,0.0,4738.1
177.07,0.0,4128.8,,,,,0.0,0.0,4739.2
178.07,0.0,4128.8,,,,,0.0,0.0,4848.5
179.07,0.0,4128.8,,,,,0.0,0.0,4905.7
180.07,0.0,4128.8,,,,,0.0,0.0,4905.7
181.07,0.0,4128.8,,,,,0.0,0.0,4905.7
182.07,0.0,4128.8,,,,,0.0,0.0,4905.7
183.07,0.0,4128.8,,,,,0.0,0.0,4905.7
184.08,0.0,4128.8,,,,,0.0,0.0,4905.7
185.08,0.0,4128.8,,,,,0.0,0.0,4905.7
186.08,0.0,4128.8,,,,,0.0,0.0,4905.7
187.08,0.0,4128.8,,,,,0.0,0.0,4905.7
188.08,0.0,4128.8,,,,,0.0,0.0,4905.7
189.08,0.0,4128.8,,,,,0.0,0.0,4905.7
190.08,0.0,4128.8,,,,,0.0,0.0,4905.7
191.08,0.0,4128.8,,,,,0.0,0.0,4905.7
192.08,0.0,4128.8,,,,,0.0,0.0,4905.7
193.08,0.0,4128.8,,,,,0.0,0.0,4905.7
194.08,0.0,4128.8,,,,,0.0,0.0,4905.7
195.08,0.0,4128.8,,,,,0.0,0.0,4905.7
196.08,0.0,4128.8,,,,,0.0,0.0,4905.7
197.08,0.0,4128.8,,,,,0.0,0.0,4905.7
198.08,0.0,4128.8,,,,,0.0,0.0,4905.7
199.08,0.0,4128.8,,,,,0.0,0.0,4905.7
200.08,0.0,4128.8,,,,,0.0,0.0,4905.7
201.08,0.0,4128.8,,,,,0.0,0.0,4905.7
202.08,0.0,4128.8,,,,,0.0,0.0,4905.6
203.08,0.0,4128.8,,,,,0.0,0.0,4905.6
204.08,0.0,4128.8,,,,,0.0,0.0,4905.6
205.08,0.0,4128.8,,,,,0.0,0.0,4905.6
206.08,0.0,4128.8,,,,,0.0,0.0,4905.6
207.08,0.0,4128.8,,,,,0.0,0.0,4905.6
208.09,0.0,4128.8,,,,,0.0,0.0,4905.6
209.09,0.0,4128.8,,,,,0.0,0.0,4905.6
210.09,0.0,4128.8,,,,,0.0,0.0,4905.6
211.09,0.0,4128.8,,,,,0.0,0.0,4905.6
212.09,0.0,4128.8,,,,,0.0,0.0,4905.6
213.09,0.0,4128.8,,,,,0.0,0.0,4905.6
214.09,0.0,4128.8,,,,,0.0,0.0,4905.6
215.09,0.0,4128.8,,,,,0.0,0.0,4905.6
216.09,0.0,4128.8,,,,,0.0,0.0,4905.6
217.09,0.0,4128.8,,,,,0.0,0.0,4905.6
218.09,0.0,4128.8,,,,,0.0,0.0,4905.6
219.09,0.0,4128.8,,,,,0.0,0.0,4905.6
220.09,0.0,4128.8,,,,,0.0,0.0,4905.6
221.09,0.0,4128.8,,,,,0.0,0.0,4905.6
222.09,0.0,4128.8,,,,,0.0,0.0,4905.6
223.09,0.0,4128.8,,,,,0.0,0.0,4905.6
224.09,0.0,4128.8,,,,,0.0,0.0,4905.6
225.09,0.0,4128.8,,,,,0.0,0.0,4905.6
226.09,0.0,4128.8,,,,,0.0,0.0,4905.6
227.1,0.0,4128.8,,,,,0.0,0.0,4905.6
228.1,0.0,4128.8,,,,,0.0,0.0,4905.6
229.1,0.0,4128.8,,,,,0.0,0.0,4905.6
230.1,0.0,4128.8,,,,,0.0,0.0,4905.6
231.1,0.0,4128.8,,,,,0.0,0.0,4905.6
232.1,0.0,4128.8,,,,,0.0,0.0,4905.6
233.1,0.0,4128.8,,,,,0.0,0.0,4905.6
234.1,0.0,4128.8,,,,,0.0,0.0,4905.6
235.1,0.0,4128.8,,,,,0.0,0.0,4905.6
236.1,0.0,4128.8,,,,,0.0,0.0,4905.6
237.1,0.0,4128.8,,,,,0.0,0.0,4905.6
238.1,0.0,4128.8,,,,,0.0,0.0,4905.6
239.1,0.0,4128.8,,,,,0.0,0.0,4905.6
240.1,0.0,4128.8,,,,,0.0,0.0,4905.6
241.1,0.0,4128.8,,,,,0.0,0.0,4905.6
242.1,0.0,4128.8,,,,,0.0,0.0,4905.6
243.1,0.0,4128.8,,,,,0.0,0.0,4905.6
244.1,0.0,4128.8,,,,,0.0,0.0,4905.6
245.1,0.0,4128.8,,,,,0.0,0.0,4905.6
246.11,0.0,4128.8,,,,,0.0,0.0,4905.6
247.11,0.0,4128.8,,,,,0.0,0.0,4905.6
248.11,0.0,4128.8,,,,,0.0,0.0,4905.6
249.11,0.0,4128.8,,,,,0.0,0.0,4905.6
250.11,0.0,4128.8,,,,,0.0,0.0,4905.6
251.11,0.0,4128.8,,,,,0.0,0.0,4905.6
252.11,0.0,4128.8,,,,,0.0,0.0,4905.6
253.11,0.0,4128.8,,,,,0.0,0.0,4905.6
254.11,0.0,4128.8,,,,,0.0,0.0,4905.6
255.11,0.0,4128.8,,,,,0.0,0.0,4905.6
256.11,0.0,4128.8,,,,,0.0,0.0,4905.6
257.11,0.0,4128.8,,,,,0.0,0.0,4905.6
258.11,0.0,4128.8,,,,,0.0,0.0,4905.6
259.11,0.0,4128.8,,,,,0.0,0.0,4905.6
260.11,0.0,4128.8,,,,,0.0,0.0,4905.6
261.11,0.0,4128.8,,,,,0.0,0.0,4905.6
262.11,0.0,4128.8,,,,,0.0,0.0,4905.6
263.12,0.0,4128.8,,,,,0.0,0.0,4905.6
264.12,0.0,4128.8,,,,,0.0,0.0,4905.6
265.12,0.0,4128.8,,,,,0.0,0.0,4905.6
266.12,0.0,4128.8,,,,,0.0,0.0,4905.6
267.12,0.0,4128.8,,,,,0.0,0.0,4905.6
268.12,0.0,4128.8,,,,,0.0,0.0,4905.6
269.12,0.0,4128.8,,,,,0.0,0.0,4905.6
270.12,0.0,4128.8,,,,,0.0,0.0,4905.6
271.12,0.0,4128.8,,,,,0.0,0.0,4905.6
272.12,0.0,4128.8,,,,,0.0,0.0,4905.6
273.12,0.0,4128.8,,,,,0.0,0.0,4905.6
274.12,0.0,4128.8,,,,,0.0,0.0,4905.6
275.12,0.0,4128.8,,,,,0.0,0.0,4905.6
276.12,0.0,4128.8,,,,,0.0,0.0,4905.6
277.12,0.0,4128.8,,,,,0.0,0.0,4905.6
278.12,0.0,4128.8,,,,,0.0,0.0,4905.6
279.12,0.0,4128.8,,,,,0.0,0.0,4905.6
280.12,0.0,4128.8,,,,,0.0,0.0,4905.6
281.12,0.0,4128.8,,,,,0.0,0.0,4905.6
282.12,0.0,4128.8,,,,,0.0,0.0,4905.6
283.12,0.0,4128.8,,,,,0.0,0.0,4905.6
284.12,0.0,4128.8,,,,,0.0,0.0,4905.6
285.13,0.0,4128.8,,,,,0.0,0.0,4905.6
286.13,0.0,4128.8,,,,,0.0,0.0,4905.6
287.13,0.0,4128.8,,,,,0.0,0.0,4905.6
288.13,0.0,4128.8,,,,,0.0,0.0,4905.6
289.13,0.0,4128.8,,,,,0.0,0.0,4905.6
290.13,0.0,4128.8,,,,,0.0,0.0,4905.6
291.13,0.0,4128.8,,,,,0.0,0.0,4905.6
292.13,0.0,4128.8,,,,,0.0,0.0,4905.6
293.13,0.0,4128.8,,,,,0.0,0.0,4905.6
294.13,0.0,4128.8,,,,,0.0,0.0,4905.6
295.13,0.0,4128.8,,,,,0.0,0.0,4905.6
296.13,0.0,4128.8,,,,,0.0,0.0,4969.9
297.13,0.0,4128.8,,,,,0.0,0.0,6264.9
298.13,0.0,4175.9,,,,,0.0,0.0,6720.9
299.13,0.0,4332.1,,,,,0.0,0.0,6950.9
300.13,0.0,4418.7,,,,,0.0,0.0,5721.4
301.13,100.0,4402.6,,,,,100.0,100.0,5725.3
302.13,83.12,4418.7,,,,,72.73,93.5,5730.5
303.13,80.54,4371.6,,,,,72.72,88.37,5873.7
304.13,0.39,4536.9,,,,,0.41,0.38,6483.2
305.13,44.66,4537.0,,,,,36.41,52.91,6344.4
306.13,80.14,4537.0,,,,,72.7,87.58,6344.5
307.13,100.0,4528.4,,,,,100.0,100.0,6342.3
308.13,77.19,4506.0,,,,,72.79,81.6,6508.9
309.13,0.53,4554.9,,,,,0.52,0.54,7025.8
310.13,37.28,4555.0,,,,,36.36,38.21,6815.0
311.13,76.33,4555.0,,,,,72.76,79.9,6805.6
312.13,77.87,4555.0,,,,,72.74,83.0,6807.6
313.13,100.0,4554.9,,,,,100.0,100.0,6821.3
314.13,36.9,4555.0,,,,,37.4,36.39,6804.7
315.13,73.74,4555.0,,,,,74.76,72.71,6807.9
316.13,74.36,4555.0,,,,,72.74,75.97,6809.8
317.13,100.0,4554.9,,,,,100.0,100.0,6822.4
318.13,36.46,4555.0,,,,,36.38,36.53,6812.7
319.13,79.87,4555.0,,,,,87.01,72.73,6813.4
320.13,78.79,4555.0,,,,,84.84,72.75,6809.8
321.13,100.0,4554.9,,,,,100.0,100.0,6823.4
322.13,36.64,4555.0,,,,,36.34,36.94,6819.3
323.13,74.88,4555.0,,,,,77.0,72.76,6819.3
324.13,79.42,4555.0,,,,,86.05,72.79,6815.8
325.13,84.47,4586.0,,,,,96.18,72.75,6824.5
326.13,78.0,4555.0,,,,,82.14,73.87,6820.3
327.13,74.0,4555.0,,,,,72.76,75.24,6820.6
328.13,74.75,4555.0,,,,,76.72,72.77,6820.6
329.13,74.9,4586.0,,,,,77.1,72.71,6825.6
330.13,73.66,4555.0,,,,,73.56,73.76,6821.7
331.13,74.84,4555.0,,,,,72.74,76.93,6821.7
332.13,76.32,4555.0,,,,,79.91,72.73,6813.0
333.14,74.82,4586.0,,,,,76.86,72.78,6826.5
334.14,74.05,4555.0,,,,,73.23,74.87,6808.9
335.14,73.91,4555.0,,,,,72.8,75.02,6812.2
336.14,75.36,4555.0,,,,,73.7,77.01,6813.8
337.14,78.75,4586.0,,,,,84.73,72.77,6827.3
338.14,77.36,4555.0,,,,,81.49,73.22,6823.6
339.14,75.66,4555.0,,,,,72.74,78.59,6817.3
340.14,82.97,4555.0,,,,,72.81,93.12,6818.8
341.14,83.09,4586.0,,,,,72.69,93.48,6828.2
342.14,77.94,4554.9,,,,,73.57,82.31,6818.9
343.14,74.05,4555.0,,,,,75.35,72.75,6824.2
344.14,76.03,4555.0,,,,,79.36,72.7,6824.3
345.14,80.47,4586.0,,,,,88.18,72.76,6829.1
346.14,40.49,4555.0,,,,,44.1,36.88,6817.7
347.14,100.0,4561.6,,,,,100.0,100.0,6824.9
348.14,74.93,4555.0,,,,,77.12,72.73,6825.2
349.14,75.55,4586.0,,,,,76.16,74.94,6829.8
350.14,39.3,4555.0,,,,,36.91,41.7,6826.5
351.14,100.0,4554.9,,,,,100.0,100.0,6826.0
352.14,74.07,4555.0,,,,,74.92,73.22,6825.9
353.14,74.09,4586.0,,,,,74.47,73.7,6831.0
354.14,36.96,4555.0,,,,,36.89,37.03,6819.5
355.14,75.84,4555.0,,,,,78.9,72.79,6823.2
356.14,100.0,4554.9,,,,,100.0,100.0,6819.3
357.14,83.36,4570.5,,,,,94.02,72.71,6830.1
358.14,42.47,4555.0,,,,,48.0,36.94,6818.5
359.14,74.19,4555.0,,,,,75.69,72.7,6820.2
360.14,100.0,4546.4,,,,,100.0,100.0,6824.4
361.14,76.84,4555.0,,,,,72.73,80.94,6827.9
362.14,37.29,4555.0,,,,,37.68,36.89,6819.3
363.14,74.1,4555.0,,,,,75.46,72.74,6821.3
364.14,100.0,4554.9,,,,,100.0,100.0,6826.2
365.14,81.71,4570.5,,,,,90.65,72.76,6831.5
366.14,42.19,4555.0,,,,,47.49,36.9,6830.6
367.14,73.37,4555.0,,,,,73.39,73.35,6825.8
368.14,81.33,4563.5,,,,,89.89,72.77,6829.8
369.14,84.83,4571.1,,,,,96.95,72.71,6826.0
370.14,83.69,4555.0,,,,,94.05,73.33,6831.1
371.14,75.56,4555.0,,,,,78.37,72.74,6830.7
372.14,82.19,4555.0,,,,,91.62,72.75,6831.1
373.14,82.06,4555.0,,,,,91.4,72.71,6829.5
374.14,81.38,4555.0,,,,,89.48,73.27,6831.8
375.14,74.97,4555.0,,,,,72.81,77.13,6831.3
376.14,74.11,4555.0,,,,,72.72,75.5,6822.9
377.14,100.0,4554.9,,,,,100.0,100.0,6826.0
378.14,37.66,4555.0,,,,,38.41,36.91,6818.4
379.14,73.75,4555.0,,,,,73.26,74.23,6820.8
380.14,80.41,4555.0,,,,,72.74,88.08,6823.3
381.14,82.61,4555.0,,,,,72.78,92.44,6825.7
382.14,81.92,4537.2,,,,,73.29,90.55,6836.3
383.14,10.28,2160.4,,,,,0.25,20.31,6841.3
384.14,0.0,2160.4,,,,,0.0,0.0,6859.9
385.14,0.0,2160.4,,,,,0.0,0.0,6925.5
