t_s,gpu_util_pct,mem_used_mib,power_w,temp_c,sclk_mhz,mclk_mhz,util_nc0,host_mem_used_mib
0.0,,,,,,,,
1.0,0.0,0.0,,,,,0.0,0.0
2.0,0.0,0.0,,,,,0.0,0.0
3.0,0.0,0.0,,,,,0.0,0.0
4.0,0.0,0.0,,,,,0.0,0.0
5.0,0.0,0.0,,,,,0.0,0.0
6.0,0.0,0.0,,,,,0.0,0.0
7.0,0.0,0.0,,,,,0.0,0.0
8.0,0.0,0.0,,,,,0.0,0.0
9.0,0.0,0.0,,,,,0.0,0.0
10.0,0.0,0.0,,,,,0.0,0.0
11.0,0.0,0.0,,,,,0.0,0.0
12.0,0.0,0.0,,,,,0.0,0.0
13.0,0.0,0.0,,,,,0.0,0.0
14.0,0.0,0.0,,,,,0.0,0.0
15.0,0.0,0.0,,,,,0.0,0.0
16.0,0.0,0.0,,,,,0.0,0.0
17.0,0.0,0.0,,,,,0.0,0.0
18.0,0.0,0.0,,,,,0.0,0.0
19.0,0.0,0.0,,,,,0.0,0.0
20.0,0.0,0.0,,,,,0.0,1114.0
21.0,0.0,0.0,,,,,0.0,1114.0
22.0,0.0,0.0,,,,,0.0,1114.0
23.0,0.0,0.0,,,,,0.0,1114.0
24.0,0.0,1.7,,,,,0.0,1128.9
25.0,0.0,1.7,,,,,0.0,1128.9
26.0,0.0,1.7,,,,,0.0,1128.9
27.0,0.11,161.9,,,,,0.21,1231.6
28.0,0.0,161.9,,,,,0.0,3277.4
29.0,0.0,161.9,,,,,0.0,3366.6
30.0,0.0,161.9,,,,,0.0,3268.4
31.0,0.0,161.9,,,,,0.0,3321.2
32.0,0.0,161.9,,,,,0.0,4242.2
33.0,0.0,161.9,,,,,0.0,4748.1
34.01,0.0,161.9,,,,,0.0,5251.6
35.01,0.0,161.9,,,,,0.0,5756.3
36.01,0.0,161.9,,,,,0.0,6272.9
37.01,0.0,161.9,,,,,0.0,6776.2
38.01,0.0,161.9,,,,,0.0,7283.6
39.01,0.0,178.0,,,,,0.01,3281.3
40.01,0.0,178.0,,,,,0.0,3281.3
41.01,0.0,178.0,,,,,0.0,3281.7
42.01,0.0,178.1,,,,,0.0,3282.4
43.01,0.0,178.1,,,,,0.0,3283.3
44.01,0.0,178.1,,,,,0.0,3304.7
45.01,0.0,178.1,,,,,0.01,3360.9
46.01,0.0,2344.3,,,,,0.0,2161.6
47.01,0.0,2344.3,,,,,0.0,2161.6
48.01,0.0,2344.7,,,,,0.0,2192.8
49.01,0.0,2344.7,,,,,0.0,2194.2
50.01,0.0,2344.7,,,,,0.0,2194.2
51.01,0.0,2344.7,,,,,0.0,2194.2
52.01,0.0,2344.7,,,,,0.0,2194.2
53.01,0.0,2344.7,,,,,0.0,2194.2
54.01,0.0,2344.7,,,,,0.0,2194.2
55.01,0.0,2344.7,,,,,0.0,2194.2
56.01,0.0,2344.7,,,,,0.0,2194.2
57.01,0.0,2344.7,,,,,0.0,2194.2
58.01,0.0,2344.7,,,,,0.0,2194.2
59.01,0.0,2344.7,,,,,0.0,2194.2
60.01,0.0,2344.7,,,,,0.0,2194.2
61.01,0.0,2344.7,,,,,0.0,2194.2
62.01,0.0,2344.7,,,,,0.0,2194.2
63.01,0.0,2344.7,,,,,0.0,2194.2
64.01,0.0,2344.7,,,,,0.0,2194.2
65.01,0.0,2344.7,,,,,0.0,2194.2
66.01,0.0,2344.7,,,,,0.0,2194.2
67.01,0.0,2344.7,,,,,0.0,2194.2
68.01,0.0,2344.7,,,,,0.0,2194.2
69.01,0.0,2344.7,,,,,0.0,2194.2
70.01,0.0,2344.7,,,,,0.0,2194.2
71.01,0.0,2344.7,,,,,0.0,2194.2
72.01,0.0,2344.7,,,,,0.0,2194.2
73.01,0.0,2344.7,,,,,0.0,2194.2
74.01,0.0,2344.7,,,,,0.0,2194.2
75.01,0.0,2344.7,,,,,0.0,2194.2
76.01,0.0,2344.7,,,,,0.0,2194.2
77.01,0.0,2344.7,,,,,0.0,2194.2
78.01,0.0,2344.7,,,,,0.0,2194.2
79.01,0.0,2344.7,,,,,0.0,2194.2
80.01,0.0,2344.7,,,,,0.0,2194.2
81.01,0.0,2344.7,,,,,0.0,2194.2
82.01,0.0,2344.7,,,,,0.0,2194.2
83.01,0.0,2344.7,,,,,0.0,2194.2
84.01,0.0,2344.7,,,,,0.0,2194.2
85.01,0.0,2344.7,,,,,0.0,2194.2
86.01,0.0,2344.7,,,,,0.0,2194.2
87.02,0.0,2344.7,,,,,0.0,2194.2
88.02,0.0,2344.7,,,,,0.0,2194.2
89.02,0.0,2344.7,,,,,0.0,2194.2
90.02,0.0,2344.7,,,,,0.0,2194.2
91.02,0.0,2344.7,,,,,0.0,2194.2
92.02,0.0,2344.7,,,,,0.0,2194.2
93.02,0.0,2344.7,,,,,0.0,2194.2
94.02,0.0,2344.7,,,,,0.0,2194.2
95.02,0.0,2344.7,,,,,0.0,2194.2
96.02,0.0,2344.7,,,,,0.0,2194.2
97.02,0.0,2344.7,,,,,0.0,2194.2
98.02,0.0,2344.7,,,,,0.0,2194.2
99.02,0.0,2344.7,,,,,0.0,2194.2
100.02,0.0,2344.7,,,,,0.0,2194.2
101.02,0.0,2344.7,,,,,0.0,2194.2
102.02,0.0,2344.7,,,,,0.0,2194.2
103.02,0.0,2344.7,,,,,0.0,2194.2
104.02,0.0,2344.7,,,,,0.0,2194.2
105.02,0.0,2344.7,,,,,0.0,2194.2
106.02,0.0,2344.7,,,,,0.0,2194.2
107.02,0.0,2344.7,,,,,0.0,2194.2
108.02,0.0,2344.7,,,,,0.0,2194.2
109.02,0.0,2344.7,,,,,0.0,2194.2
110.02,0.0,2344.7,,,,,0.0,2194.2
111.02,0.0,2344.7,,,,,0.0,2194.2
112.02,0.0,2344.7,,,,,0.0,2194.2
113.02,0.0,2344.7,,,,,0.0,2194.2
114.02,0.0,2344.7,,,,,0.0,2194.2
115.02,0.0,2344.7,,,,,0.0,2194.2
116.02,0.0,2344.7,,,,,0.0,2194.2
117.02,0.0,2344.7,,,,,0.0,2194.2
118.02,0.0,2344.7,,,,,0.0,2194.2
119.02,0.0,2344.7,,,,,0.0,2194.2
120.02,0.0,2344.7,,,,,0.0,2194.2
121.02,0.0,2344.7,,,,,0.0,2194.2
122.02,0.0,2344.7,,,,,0.0,2194.2
123.02,0.0,2344.7,,,,,0.0,2194.2
124.02,0.0,2344.7,,,,,0.0,2194.2
125.02,0.0,2344.7,,,,,0.0,2194.2
126.02,0.0,2344.7,,,,,0.0,2194.2
127.02,0.0,2344.7,,,,,0.0,2194.2
128.02,0.0,2344.7,,,,,0.0,2194.2
129.02,0.0,2344.7,,,,,0.0,2194.2
130.02,0.0,2344.7,,,,,0.0,2194.2
131.02,0.0,2344.7,,,,,0.0,2194.2
132.02,0.0,2344.7,,,,,0.0,2194.2
133.02,0.0,2344.7,,,,,0.0,2194.2
134.02,0.0,2344.7,,,,,0.0,2194.2
135.02,0.0,2344.7,,,,,0.0,2194.2
136.02,0.0,2344.7,,,,,0.0,2194.2
137.02,0.0,2344.7,,,,,0.0,2194.2
138.02,0.0,2344.7,,,,,0.0,2194.2
139.02,0.0,2344.7,,,,,0.0,2194.2
140.03,0.0,2344.7,,,,,0.0,2194.2
141.03,0.0,2344.7,,,,,0.0,2194.2
142.03,0.0,2344.7,,,,,0.0,2194.2
143.03,0.0,2344.7,,,,,0.0,2194.2
144.03,0.0,2344.7,,,,,0.0,2194.2
145.03,0.0,2344.7,,,,,0.0,2194.2
146.03,0.0,2344.7,,,,,0.0,2194.2
147.03,0.0,2344.7,,,,,0.0,2194.2
148.03,0.0,2344.7,,,,,0.0,2194.2
149.03,0.0,2344.7,,,,,0.0,2194.2
150.03,0.0,2344.7,,,,,0.0,2194.2
151.03,0.0,2344.7,,,,,0.0,2194.2
152.03,0.0,2344.7,,,,,0.0,2194.2
153.03,0.0,2344.7,,,,,0.0,2194.2
154.03,0.0,2344.7,,,,,0.0,2194.2
155.03,0.0,2344.7,,,,,0.0,2194.2
156.03,0.0,2344.7,,,,,0.0,2194.2
157.03,0.0,2344.7,,,,,0.0,2194.2
158.03,0.0,2344.7,,,,,0.0,2194.2
159.03,0.0,2344.7,,,,,0.0,2194.2
160.03,0.0,2344.7,,,,,0.0,2194.2
161.03,0.0,2344.7,,,,,0.0,2194.2
162.03,0.0,2344.7,,,,,0.0,2194.2
163.03,0.0,2344.7,,,,,0.0,1834.3
164.03,0.0,2344.7,,,,,0.0,2591.5
165.03,0.0,3601.4,,,,,0.0,2656.6
166.03,0.0,3695.9,,,,,0.0,2536.5
167.03,28.96,3741.3,,,,,57.92,2055.7
168.03,0.0,3741.3,,,,,0.0,2055.8
169.03,0.0,3741.3,,,,,0.0,2088.9
170.03,0.0,3741.3,,,,,0.0,2111.1
171.03,0.0,3741.3,,,,,0.0,2111.1
172.03,0.0,3741.3,,,,,0.0,2111.1
173.03,0.0,3741.3,,,,,0.0,2111.1
174.03,0.0,3741.3,,,,,0.0,2111.1
175.03,0.0,3741.3,,,,,0.0,2111.1
176.03,0.0,3741.3,,,,,0.0,2111.1
177.03,0.0,3741.3,,,,,0.0,2111.1
178.03,0.0,3741.3,,,,,0.0,2111.1
179.03,0.0,3741.3,,,,,0.0,2111.1
180.03,0.0,3741.3,,,,,0.0,2111.1
181.03,0.0,3741.3,,,,,0.0,2111.1
182.03,0.0,3741.3,,,,,0.0,2111.1
183.03,0.0,3741.3,,,,,0.0,2111.1
184.03,0.0,3741.3,,,,,0.0,2111.1
185.03,0.0,3741.3,,,,,0.0,2111.1
186.03,0.0,3741.3,,,,,0.0,2111.1
187.03,0.0,3741.3,,,,,0.0,2111.1
188.03,0.0,3741.3,,,,,0.0,2111.1
189.03,0.0,3741.3,,,,,0.0,2111.1
190.03,0.0,3741.3,,,,,0.0,2111.1
191.03,0.0,3741.3,,,,,0.0,2111.1
192.03,0.0,3741.3,,,,,0.0,2111.1
193.03,0.0,3741.3,,,,,0.0,2111.1
194.03,0.0,3741.3,,,,,0.0,2111.1
195.03,0.0,3741.3,,,,,0.0,2111.1
196.03,0.0,3741.3,,,,,0.0,2111.1
197.03,0.0,3741.3,,,,,0.0,2111.1
198.03,0.0,3741.3,,,,,0.0,2111.1
199.03,0.0,3741.3,,,,,0.0,2111.1
200.04,0.0,3741.3,,,,,0.0,2111.1
201.04,0.0,3741.3,,,,,0.0,2111.1
202.04,0.0,3741.3,,,,,0.0,2111.1
203.04,0.0,3741.3,,,,,0.0,2111.1
204.04,0.0,3741.3,,,,,0.0,2111.1
205.04,0.0,3741.3,,,,,0.0,2111.1
206.04,0.0,3741.3,,,,,0.0,2111.1
207.04,0.0,3741.3,,,,,0.0,2111.1
208.04,0.0,3741.3,,,,,0.0,2111.1
209.04,0.0,3741.3,,,,,0.0,2111.1
210.04,0.0,3741.3,,,,,0.0,2111.1
211.04,0.0,3741.3,,,,,0.0,2111.1
212.04,0.0,3741.3,,,,,0.0,2111.1
213.04,0.0,3741.3,,,,,0.0,2111.1
214.04,0.0,3741.3,,,,,0.0,2111.1
215.04,0.0,3741.3,,,,,0.0,2111.1
216.04,0.0,3741.3,,,,,0.0,2111.1
217.04,0.0,3741.3,,,,,0.0,2111.1
218.04,0.0,3741.3,,,,,0.0,2111.1
219.04,0.0,3741.3,,,,,0.0,2111.1
220.04,0.0,3741.3,,,,,0.0,2111.1
221.04,0.0,3741.3,,,,,0.0,2111.1
222.04,0.0,3741.3,,,,,0.0,2111.1
223.04,0.0,3741.3,,,,,0.0,2111.1
224.04,0.0,3741.3,,,,,0.0,2111.1
225.04,0.0,3741.3,,,,,0.0,2111.1
226.04,0.0,3741.3,,,,,0.0,2111.1
227.04,0.0,3741.3,,,,,0.0,2111.1
228.04,0.0,3741.3,,,,,0.0,2111.1
229.04,0.0,3741.3,,,,,0.0,2111.1
230.04,0.0,3741.3,,,,,0.0,2111.1
231.04,0.0,3741.3,,,,,0.0,2111.1
232.04,0.0,3741.3,,,,,0.0,2111.1
233.04,0.0,3741.3,,,,,0.0,2111.1
234.04,0.0,3741.3,,,,,0.0,2111.1
235.04,0.0,3741.3,,,,,0.0,2111.1
236.04,0.0,3741.3,,,,,0.0,2111.1
237.04,0.0,3741.3,,,,,0.0,2111.1
238.04,0.0,3741.3,,,,,0.0,2111.1
239.04,0.0,3741.3,,,,,0.0,2111.1
240.04,0.0,3741.3,,,,,0.0,2111.1
241.04,0.0,3741.3,,,,,0.0,2111.1
242.04,0.0,3741.3,,,,,0.0,2111.1
243.04,0.0,3741.3,,,,,0.0,2111.1
244.04,0.0,3741.3,,,,,0.0,2111.1
245.04,0.0,3741.3,,,,,0.0,2111.1
246.04,0.0,3741.3,,,,,0.0,2111.1
247.04,0.0,3741.3,,,,,0.0,2111.1
248.04,0.0,3741.3,,,,,0.0,2111.1
249.04,0.0,3741.3,,,,,0.0,2111.1
250.04,0.0,3741.3,,,,,0.0,2111.1
251.04,0.0,3741.3,,,,,0.0,2111.1
252.04,0.0,3741.3,,,,,0.0,2111.1
253.04,0.0,3741.3,,,,,0.0,2111.1
254.05,0.0,3741.3,,,,,0.0,2111.1
255.05,0.0,3741.3,,,,,0.0,2111.1
256.05,0.0,3741.3,,,,,0.0,2111.1
257.05,0.0,3741.3,,,,,0.0,2111.1
258.05,0.0,3741.3,,,,,0.0,2111.1
259.05,0.0,3741.3,,,,,0.0,2111.1
260.05,0.0,3741.3,,,,,0.0,2111.1
261.05,0.0,3741.3,,,,,0.0,2111.1
262.05,0.0,3741.3,,,,,0.0,2111.1
263.05,0.0,3741.3,,,,,0.0,2111.1
264.05,0.0,3741.3,,,,,0.0,2111.1
265.05,0.0,3741.3,,,,,0.0,2111.1
266.05,0.0,3741.3,,,,,0.0,2111.1
267.05,0.0,3741.3,,,,,0.0,2111.1
268.05,0.0,3741.3,,,,,0.0,2111.1
269.05,0.0,3741.3,,,,,0.0,2111.1
270.05,0.0,3741.3,,,,,0.0,2111.1
271.05,0.0,3741.3,,,,,0.0,2111.1
272.05,0.0,3741.3,,,,,0.0,2111.1
273.05,0.0,3741.3,,,,,0.0,2111.1
274.05,0.0,3741.3,,,,,0.0,2111.1
275.05,0.0,3741.3,,,,,0.0,2111.1
276.05,0.0,3741.3,,,,,0.0,2111.1
277.05,0.0,3741.3,,,,,0.0,2111.1
278.05,0.0,3741.3,,,,,0.0,2111.1
279.05,0.0,3741.3,,,,,0.0,2111.1
280.05,0.0,3741.3,,,,,0.0,2111.1
281.05,0.0,3741.3,,,,,0.0,2111.1
282.05,0.0,3741.3,,,,,0.0,2111.1
283.05,0.0,3741.3,,,,,0.0,2111.1
284.05,0.0,3741.3,,,,,0.0,2111.1
285.05,0.0,3741.3,,,,,0.0,2111.1
286.05,0.0,3741.3,,,,,0.0,2111.1
287.05,0.0,3741.3,,,,,0.0,2111.1
288.05,0.0,3741.3,,,,,0.0,2111.1
289.05,0.0,3741.3,,,,,0.0,2111.1
290.05,0.0,3741.3,,,,,0.0,2111.1
291.05,0.0,3741.3,,,,,0.0,2111.1
292.05,0.0,3741.3,,,,,0.0,2111.1
293.05,0.0,3741.3,,,,,0.0,2111.1
294.05,0.0,3741.3,,,,,0.0,2111.1
295.05,0.0,3741.3,,,,,0.0,2111.1
296.05,0.0,3741.3,,,,,0.0,2111.1
297.05,0.0,3741.3,,,,,0.0,2111.1
298.05,0.0,3741.3,,,,,0.0,2111.1
299.05,0.0,3741.3,,,,,0.0,2227.7
300.05,0.0,3741.3,,,,,0.0,3125.6
301.05,0.0,3763.9,,,,,0.0,3343.3
302.05,0.0,3818.4,,,,,0.0,3343.8
303.05,0.0,3931.4,,,,,0.0,2526.8
304.05,50.0,3931.4,,,,,100.0,2527.4
305.05,50.0,3955.9,,,,,100.0,2545.5
306.05,50.0,3906.9,,,,,100.0,2605.9
307.06,27.94,3884.1,,,,,55.88,2606.0
308.06,0.0,3884.1,,,,,0.0,2606.0
309.06,0.0,3884.1,,,,,0.0,2606.0
310.06,0.0,3884.1,,,,,0.0,2606.0
311.06,0.0,3884.1,,,,,0.0,2606.0
312.06,0.0,3884.1,,,,,0.0,2606.0
313.06,0.0,3884.1,,,,,0.0,2606.0
314.06,0.0,3884.1,,,,,0.0,2606.0
315.06,0.0,3884.1,,,,,0.0,2606.0
316.06,0.0,3884.1,,,,,0.0,2606.0
317.06,0.0,3884.1,,,,,0.0,2606.0
318.06,0.0,3884.1,,,,,0.0,2606.0
319.06,0.0,3884.1,,,,,0.0,2606.0
320.06,0.0,3884.1,,,,,0.0,2606.0
321.06,0.0,3884.1,,,,,0.0,2606.0
322.06,0.0,3884.1,,,,,0.0,2606.0
323.06,0.0,3884.1,,,,,0.0,2606.0
324.06,0.0,3884.1,,,,,0.0,2606.0
325.06,0.0,3884.1,,,,,0.0,2606.0
326.06,0.0,3884.1,,,,,0.0,2606.0
327.06,0.0,3884.1,,,,,0.0,2606.0
328.06,0.0,3884.1,,,,,0.0,2606.0
329.06,0.0,3884.1,,,,,0.0,2606.0
330.06,0.0,3884.1,,,,,0.0,2606.0
331.06,0.0,3884.1,,,,,0.0,2606.0
332.06,0.0,3884.1,,,,,0.0,2606.0
333.06,0.0,3884.1,,,,,0.0,2606.0
334.06,0.0,3884.1,,,,,0.0,2606.0
335.06,0.0,3884.1,,,,,0.0,2606.0
336.06,0.0,3884.1,,,,,0.0,2606.0
337.06,0.0,3884.1,,,,,0.0,2606.0
338.06,0.0,3884.1,,,,,0.0,2606.0
339.06,0.0,3884.1,,,,,0.0,2606.0
340.06,0.0,3884.1,,,,,0.0,2606.0
341.06,0.0,3884.1,,,,,0.0,2606.0
342.06,0.0,3884.1,,,,,0.0,2606.0
343.06,0.0,3884.1,,,,,0.0,2606.0
344.06,0.0,3884.1,,,,,0.0,2606.0
345.06,0.0,3884.1,,,,,0.0,2606.0
346.06,0.0,3884.1,,,,,0.0,2606.0
347.06,0.0,3884.1,,,,,0.0,2606.0
348.06,0.0,3884.1,,,,,0.0,2606.0
349.06,0.0,3884.1,,,,,0.0,2606.0
350.06,0.0,3884.1,,,,,0.0,2606.0
351.06,0.0,3884.1,,,,,0.0,2606.0
352.06,0.0,3884.1,,,,,0.0,2606.0
353.06,0.0,3884.1,,,,,0.0,2606.0
354.06,0.0,3884.1,,,,,0.0,2606.0
355.06,0.0,3884.1,,,,,0.0,2606.0
356.06,0.0,3884.1,,,,,0.0,2606.0
357.06,0.0,3884.1,,,,,0.0,2606.0
358.06,0.0,3884.1,,,,,0.0,2606.0
359.06,0.0,3884.1,,,,,0.0,2606.0
360.06,0.0,3884.1,,,,,0.0,2606.0
361.06,0.0,3884.1,,,,,0.0,2606.0
362.06,0.0,3884.1,,,,,0.0,2606.0
363.06,0.0,3884.1,,,,,0.0,2606.0
364.06,0.0,3884.1,,,,,0.0,2606.0
365.06,0.0,3884.1,,,,,0.0,2606.0
366.06,0.0,3884.1,,,,,0.0,2606.0
367.06,0.0,3884.1,,,,,0.0,2606.0
368.06,0.0,3884.1,,,,,0.0,2606.0
369.06,0.0,3884.1,,,,,0.0,2606.0
370.06,0.0,3884.1,,,,,0.0,2606.0
371.06,0.0,3884.1,,,,,0.0,2606.0
372.06,0.0,3884.1,,,,,0.0,2606.0
373.06,0.0,3884.1,,,,,0.0,2606.0
374.06,0.0,3884.1,,,,,0.0,2606.0
375.06,0.0,3884.1,,,,,0.0,2606.0
376.06,0.0,3884.1,,,,,0.0,2606.0
377.06,0.0,3884.1,,,,,0.0,2606.0
378.06,0.0,3884.1,,,,,0.0,2606.0
379.06,0.0,3884.1,,,,,0.0,2606.0
380.06,0.0,3884.1,,,,,0.0,2606.0
381.06,0.0,3884.1,,,,,0.0,2606.0
382.07,0.0,3884.1,,,,,0.0,2606.0
383.07,0.0,3884.1,,,,,0.0,2606.0
384.07,0.0,3884.1,,,,,0.0,2606.0
385.07,0.0,3884.1,,,,,0.0,2606.0
386.07,0.0,3884.1,,,,,0.0,2606.0
387.07,0.0,3884.1,,,,,0.0,2606.0
388.07,0.0,3884.1,,,,,0.0,2606.0
389.07,0.0,3884.1,,,,,0.0,2606.0
390.07,0.0,3884.1,,,,,0.0,2606.0
391.07,0.0,3884.1,,,,,0.0,2606.0
392.07,0.0,3884.1,,,,,0.0,2606.0
393.07,0.0,3884.1,,,,,0.0,2606.0
394.07,0.0,3884.1,,,,,0.0,2606.0
395.07,0.0,3884.1,,,,,0.0,2606.0
396.07,0.0,3884.1,,,,,0.0,2606.0
397.07,0.0,3884.1,,,,,0.0,2606.0
398.07,0.0,3884.1,,,,,0.0,2606.0
399.07,0.0,3884.1,,,,,0.0,2606.0
400.07,0.0,3884.1,,,,,0.0,2606.0
401.07,0.0,3884.1,,,,,0.0,2606.0
402.07,0.0,3884.1,,,,,0.0,2606.0
403.07,0.0,3884.1,,,,,0.0,2606.0
404.07,0.0,3884.1,,,,,0.0,2606.0
405.07,0.0,3884.1,,,,,0.0,2606.0
406.07,0.0,3884.1,,,,,0.0,2606.0
407.07,0.0,3884.1,,,,,0.0,2606.0
408.07,0.0,3884.1,,,,,0.0,2606.0
409.07,0.0,3884.1,,,,,0.0,2606.0
410.07,0.0,3884.1,,,,,0.0,2606.0
411.07,0.0,3884.1,,,,,0.0,2606.0
412.07,0.0,3884.1,,,,,0.0,2606.0
413.07,0.0,3884.1,,,,,0.0,2606.0
414.07,0.0,3884.1,,,,,0.0,2606.0
415.07,0.0,3884.1,,,,,0.0,2606.0
416.07,0.0,3884.1,,,,,0.0,2606.0
417.07,0.0,3884.1,,,,,0.0,2606.0
418.07,0.0,3884.1,,,,,0.0,2606.0
419.07,0.0,3884.1,,,,,0.0,2606.0
420.07,0.0,3884.1,,,,,0.0,2606.0
421.07,0.0,3884.1,,,,,0.0,2606.0
422.07,0.0,3884.1,,,,,0.0,2606.0
423.07,0.0,3884.1,,,,,0.0,2606.0
424.07,0.0,3884.1,,,,,0.0,2606.0
425.07,0.0,3884.1,,,,,0.0,2606.0
426.07,0.0,3884.1,,,,,0.0,2606.0
427.07,0.0,3884.1,,,,,0.0,2606.0
428.07,0.0,3884.1,,,,,0.0,2606.0
429.07,0.0,3884.1,,,,,0.0,2606.0
430.07,0.0,3884.1,,,,,0.0,2606.0
431.07,0.0,3884.1,,,,,0.0,2606.0
432.07,0.0,3884.1,,,,,0.0,2606.0
433.07,0.0,3884.1,,,,,0.0,2606.0
434.07,0.0,3884.1,,,,,0.0,2606.0
435.07,0.0,3884.1,,,,,0.0,2606.0
436.07,0.0,3884.1,,,,,0.0,2606.0
437.07,0.0,3884.1,,,,,0.0,2606.0
438.07,0.0,3884.1,,,,,0.0,2606.0
439.07,0.0,3884.1,,,,,0.0,2606.0
440.07,0.0,3884.1,,,,,0.0,2606.0
441.07,0.0,3884.1,,,,,0.0,2606.0
442.07,0.0,3884.1,,,,,0.0,2606.0
443.07,0.0,3884.1,,,,,0.0,2606.0
444.07,0.0,3884.1,,,,,0.0,2606.0
445.07,0.0,3884.1,,,,,0.0,2606.0
446.07,0.0,3884.1,,,,,0.0,2606.0
447.07,0.0,3884.1,,,,,0.0,2606.0
448.07,0.0,3884.1,,,,,0.0,2606.0
449.07,0.0,3884.1,,,,,0.0,2606.0
450.07,0.0,3884.1,,,,,0.0,2606.0
451.07,0.0,3884.1,,,,,0.0,2606.0
452.07,0.0,3884.1,,,,,0.0,2606.0
453.07,0.0,3884.1,,,,,0.0,2606.0
454.07,0.0,3884.1,,,,,0.0,2606.0
455.07,0.0,3884.1,,,,,0.0,2606.0
456.07,0.0,3884.1,,,,,0.0,2606.0
457.08,0.0,3884.1,,,,,0.0,2606.0
458.08,0.0,3884.1,,,,,0.0,2606.0
459.08,0.0,3884.1,,,,,0.0,2606.0
460.08,0.0,3884.1,,,,,0.0,2606.0
461.08,0.0,3884.1,,,,,0.0,2606.0
462.08,0.0,3884.1,,,,,0.0,2606.0
463.08,0.0,3884.1,,,,,0.0,2606.0
464.08,0.0,3884.1,,,,,0.0,2606.0
465.08,0.0,3884.1,,,,,0.0,2606.0
466.08,0.0,3884.1,,,,,0.0,2606.0
467.08,0.0,3884.1,,,,,0.0,2606.0
468.08,0.0,3884.1,,,,,0.0,2606.0
469.08,0.0,3884.1,,,,,0.0,2606.0
470.08,0.0,3884.1,,,,,0.0,2606.0
471.08,0.0,3884.1,,,,,0.0,2606.0
472.08,0.0,3884.1,,,,,0.0,2606.0
473.08,0.0,3884.1,,,,,0.0,2606.0
474.08,0.0,3884.1,,,,,0.0,2606.0
475.08,0.0,3884.1,,,,,0.0,2606.0
476.08,0.0,3884.1,,,,,0.0,2606.0
477.08,0.0,3884.1,,,,,0.0,2606.0
478.08,0.0,3884.1,,,,,0.0,2606.0
479.08,0.0,3884.1,,,,,0.0,2606.0
480.08,0.0,3884.1,,,,,0.0,2606.0
481.08,0.0,3884.1,,,,,0.0,2606.0
482.08,0.0,3884.1,,,,,0.0,2606.0
483.08,0.0,3884.1,,,,,0.0,2606.0
484.08,0.0,3884.1,,,,,0.0,2606.0
485.08,0.0,3884.1,,,,,0.0,2606.0
486.08,0.0,3884.1,,,,,0.0,2606.0
487.08,0.0,3884.1,,,,,0.0,2606.0
488.08,0.0,3884.1,,,,,0.0,2606.0
489.08,0.0,3884.1,,,,,0.0,2606.0
490.08,0.0,3884.1,,,,,0.0,2606.0
491.08,0.0,3884.1,,,,,0.0,2606.0
492.08,0.0,3884.1,,,,,0.0,2606.0
493.08,0.0,3884.1,,,,,0.0,2606.0
494.08,0.0,3884.1,,,,,0.0,2606.0
495.08,0.0,3884.1,,,,,0.0,2606.0
496.08,0.0,3884.1,,,,,0.0,2606.0
497.08,0.0,3884.1,,,,,0.0,2606.0
498.08,0.0,3884.1,,,,,0.0,2606.0
499.08,0.0,3884.1,,,,,0.0,2606.0
500.08,0.0,3884.1,,,,,0.0,2606.0
501.08,0.0,3884.1,,,,,0.0,2606.0
502.08,0.0,3884.1,,,,,0.0,2606.0
503.08,0.0,3884.1,,,,,0.0,2606.0
504.08,0.0,3884.1,,,,,0.0,2606.0
505.08,0.0,3884.1,,,,,0.0,2606.0
506.08,0.0,3884.1,,,,,0.0,2606.0
507.08,0.0,3884.1,,,,,0.0,2606.0
508.08,0.0,3884.1,,,,,0.0,2606.0
509.08,0.0,3884.1,,,,,0.0,2606.0
510.08,0.0,3884.1,,,,,0.0,2606.0
511.08,0.0,3884.1,,,,,0.0,2606.0
512.08,0.0,3884.1,,,,,0.0,2606.0
513.08,0.0,3884.1,,,,,0.0,2606.0
514.08,0.0,3884.1,,,,,0.0,2606.0
515.08,0.0,3884.1,,,,,0.0,2606.0
516.08,0.0,3884.1,,,,,0.0,2606.0
517.08,0.0,3884.1,,,,,0.0,2606.0
518.08,0.0,3884.1,,,,,0.0,2606.0
519.08,0.0,3884.1,,,,,0.0,2606.0
520.08,0.0,3884.1,,,,,0.0,2606.0
521.08,0.0,3884.1,,,,,0.0,2606.0
522.08,0.0,3884.1,,,,,0.0,2606.0
523.09,0.0,3884.1,,,,,0.0,2606.0
524.09,0.0,3884.1,,,,,0.0,2606.0
525.09,0.23,4003.5,,,,,0.47,2771.8
526.09,0.0,4003.5,,,,,0.0,2771.8
527.09,0.0,4003.5,,,,,0.0,2647.2
528.09,50.0,4028.1,,,,,100.0,2647.9
529.09,27.97,4077.2,,,,,55.94,2648.5
530.09,50.0,4052.6,,,,,100.0,2746.6
531.09,50.0,4003.5,,,,,100.0,2746.6
532.09,27.97,3980.8,,,,,55.94,2746.6
533.09,0.0,3980.8,,,,,0.0,2746.6
534.09,0.0,3980.8,,,,,0.0,2746.6
535.09,0.0,3980.8,,,,,0.0,2746.6
536.09,0.0,3980.8,,,,,0.0,2746.6
537.09,0.0,3980.8,,,,,0.0,2746.6
538.09,0.0,3980.8,,,,,0.0,2746.6
539.09,0.0,3980.8,,,,,0.0,2746.6
540.09,0.0,3980.8,,,,,0.0,2746.6
541.09,0.0,3980.8,,,,,0.0,2746.6
542.09,0.0,3980.8,,,,,0.0,2746.6
543.09,0.0,3980.8,,,,,0.0,2746.6
544.09,0.0,3980.8,,,,,0.0,2746.6
545.09,0.0,3980.8,,,,,0.0,2746.6
546.09,0.0,3980.8,,,,,0.0,2746.6
547.09,0.0,3980.8,,,,,0.0,2746.6
548.09,0.0,3980.8,,,,,0.0,2746.6
549.09,0.0,3980.8,,,,,0.0,2746.6
550.09,0.0,3980.8,,,,,0.0,2746.6
551.09,0.0,3980.8,,,,,0.0,2746.6
552.09,0.0,3980.8,,,,,0.0,2746.6
553.09,0.0,3980.8,,,,,0.0,2746.6
554.09,0.0,3980.8,,,,,0.0,2746.6
555.09,0.0,3980.8,,,,,0.0,2746.6
556.09,0.0,3980.8,,,,,0.0,2746.6
557.09,0.0,3980.8,,,,,0.0,2746.6
558.09,0.0,3980.8,,,,,0.0,2746.6
559.09,0.0,3980.8,,,,,0.0,2746.6
560.09,0.0,3980.8,,,,,0.0,2746.6
561.09,0.0,3980.8,,,,,0.0,2746.6
562.09,0.0,3980.8,,,,,0.0,2746.6
563.09,0.0,3980.8,,,,,0.0,2746.6
564.09,0.0,3980.8,,,,,0.0,2746.6
565.09,0.0,3980.8,,,,,0.0,2746.6
566.09,0.0,3980.8,,,,,0.0,2746.6
567.09,0.0,3980.8,,,,,0.0,2746.6
568.09,0.0,3980.8,,,,,0.0,2746.6
569.09,0.0,3980.8,,,,,0.0,2746.6
570.09,0.0,3980.8,,,,,0.0,2746.6
571.09,0.0,3980.8,,,,,0.0,2746.6
572.09,0.0,3980.8,,,,,0.0,2746.6
573.09,0.0,3980.8,,,,,0.0,2746.6
574.09,0.0,3980.8,,,,,0.0,2746.6
575.09,0.0,3980.8,,,,,0.0,2746.6
576.09,0.0,3980.8,,,,,0.0,2746.6
577.09,0.0,3980.8,,,,,0.0,2746.6
578.09,0.0,3980.8,,,,,0.0,2746.6
579.09,0.0,3980.8,,,,,0.0,2746.6
580.09,0.0,3980.8,,,,,0.0,2746.6
581.09,0.0,3980.8,,,,,0.0,2746.6
582.09,0.0,3980.8,,,,,0.0,2746.6
583.09,0.0,3980.8,,,,,0.0,2746.6
584.09,0.0,3980.8,,,,,0.0,2746.6
585.09,0.0,3980.8,,,,,0.0,2746.6
586.09,0.0,3980.8,,,,,0.0,2746.6
587.09,0.0,3980.8,,,,,0.0,2746.6
588.09,0.0,3980.8,,,,,0.0,2746.6
589.09,0.0,3980.8,,,,,0.0,2746.6
590.09,0.0,3980.8,,,,,0.0,2746.6
591.09,0.0,3980.8,,,,,0.0,2746.6
592.09,0.0,3980.8,,,,,0.0,2746.6
593.09,0.0,3980.8,,,,,0.0,2746.6
594.09,0.0,3980.8,,,,,0.0,2746.6
595.09,0.0,3980.8,,,,,0.0,2746.6
596.09,0.0,3980.8,,,,,0.0,2746.6
597.09,0.0,3980.8,,,,,0.0,2746.6
598.1,0.0,3980.8,,,,,0.0,2746.6
599.1,0.0,3980.8,,,,,0.0,2746.6
600.1,0.0,3980.8,,,,,0.0,2746.6
601.1,0.0,3980.8,,,,,0.0,2746.6
602.1,0.0,3980.8,,,,,0.0,2746.6
603.1,0.0,3980.8,,,,,0.0,2746.6
604.1,0.0,3980.8,,,,,0.0,2746.6
605.1,0.0,3980.8,,,,,0.0,2746.6
606.1,0.0,3980.8,,,,,0.0,2746.6
607.1,0.0,3980.8,,,,,0.0,2746.6
608.1,0.0,3980.8,,,,,0.0,2746.6
609.1,0.0,3980.8,,,,,0.0,2746.6
610.1,0.0,3980.8,,,,,0.0,2746.6
611.1,0.0,3980.8,,,,,0.0,2746.6
612.1,0.0,3980.8,,,,,0.0,2746.6
613.1,0.0,3980.8,,,,,0.0,2746.6
614.1,0.0,3980.8,,,,,0.0,2746.6
615.1,0.0,3980.8,,,,,0.0,2746.6
616.1,0.0,3980.8,,,,,0.0,2746.6
617.1,0.0,3980.8,,,,,0.0,2746.6
618.1,0.0,3980.8,,,,,0.0,2746.6
619.1,0.0,3980.8,,,,,0.0,2746.6
620.1,0.0,3980.8,,,,,0.0,2746.6
621.1,0.0,3980.8,,,,,0.0,2746.6
622.1,0.0,3980.8,,,,,0.0,2746.6
623.1,0.0,3980.8,,,,,0.0,2746.6
624.1,0.0,3980.8,,,,,0.0,2746.6
625.1,0.0,3980.8,,,,,0.0,2746.6
626.1,0.0,3980.8,,,,,0.0,2746.6
627.1,0.0,3980.8,,,,,0.0,2746.6
628.1,0.0,3980.8,,,,,0.0,2746.6
629.1,0.0,3980.8,,,,,0.0,2746.6
630.1,0.0,3980.8,,,,,0.0,2746.6
631.1,0.0,3980.8,,,,,0.0,2746.6
632.1,0.0,3980.8,,,,,0.0,2746.6
633.1,0.0,3980.8,,,,,0.0,2746.6
634.1,0.0,3980.8,,,,,0.0,2746.6
635.1,0.0,3980.8,,,,,0.0,2746.6
636.1,0.0,3980.8,,,,,0.0,2746.6
637.1,0.0,3980.8,,,,,0.0,2746.6
638.1,0.0,3980.8,,,,,0.0,2746.6
639.1,0.0,3980.8,,,,,0.0,2746.6
640.1,0.0,3980.8,,,,,0.0,2746.6
641.1,0.0,3980.8,,,,,0.0,2746.6
642.1,0.0,3980.8,,,,,0.0,2746.6
643.1,0.0,3980.8,,,,,0.0,2746.6
644.1,0.0,3980.8,,,,,0.0,2746.6
645.1,0.0,3980.8,,,,,0.0,2746.6
646.1,0.0,3980.8,,,,,0.0,2746.6
647.1,0.0,3980.8,,,,,0.0,2746.6
648.1,0.0,3980.8,,,,,0.0,2746.6
649.1,0.0,3980.8,,,,,0.0,2746.6
650.1,0.0,3980.8,,,,,0.0,2746.6
651.1,0.0,3980.8,,,,,0.0,2746.6
652.1,0.0,3980.8,,,,,0.0,2746.6
653.1,0.0,3980.8,,,,,0.0,2746.6
654.1,0.0,3980.8,,,,,0.0,2746.6
655.1,0.0,3980.8,,,,,0.0,2746.6
656.1,0.0,3980.8,,,,,0.0,2746.6
657.1,0.0,3980.8,,,,,0.0,2746.6
658.1,0.0,3980.8,,,,,0.0,2746.6
659.1,0.0,3980.8,,,,,0.0,2746.6
660.1,0.0,3980.8,,,,,0.0,2746.6
661.1,0.0,3980.8,,,,,0.0,2746.6
662.1,0.0,3980.8,,,,,0.0,2746.6
663.1,0.0,3980.8,,,,,0.0,2746.6
664.1,0.0,3980.8,,,,,0.0,2746.6
665.1,0.0,3980.8,,,,,0.0,2746.6
666.1,0.0,3980.8,,,,,0.0,2746.6
667.1,0.0,3980.8,,,,,0.0,2746.6
668.1,0.0,3980.8,,,,,0.0,2746.6
669.1,0.0,3980.8,,,,,0.0,2746.6
670.1,0.0,3980.8,,,,,0.0,2746.6
671.1,0.0,3980.8,,,,,0.0,2746.6
672.1,0.0,3980.8,,,,,0.0,2746.6
673.1,0.0,3980.8,,,,,0.0,2746.6
674.1,0.0,3980.8,,,,,0.0,2746.6
675.1,0.0,3980.8,,,,,0.0,2746.6
676.1,0.0,3980.8,,,,,0.0,2746.6
677.1,0.0,3980.8,,,,,0.0,2746.6
678.11,0.0,3980.8,,,,,0.0,2746.6
679.11,0.0,3980.8,,,,,0.0,2746.6
680.11,0.0,3980.8,,,,,0.0,2746.6
681.11,0.0,3980.8,,,,,0.0,2746.6
682.11,0.0,3980.8,,,,,0.0,2746.6
683.11,0.0,3980.8,,,,,0.0,2746.6
684.11,0.0,3980.8,,,,,0.0,2746.6
685.11,0.0,3980.8,,,,,0.0,2746.6
686.11,0.0,3980.8,,,,,0.0,2746.6
687.11,0.0,3980.8,,,,,0.0,2746.6
688.11,0.0,3980.8,,,,,0.0,2746.6
689.11,0.0,3980.8,,,,,0.0,2746.6
690.11,0.0,3980.8,,,,,0.0,2746.6
691.11,0.0,3980.8,,,,,0.0,2746.6
692.11,0.0,3980.8,,,,,0.0,2746.6
693.11,0.0,3980.8,,,,,0.0,2746.6
694.11,0.0,3980.8,,,,,0.0,2746.6
695.11,0.0,3980.8,,,,,0.0,2746.6
696.11,0.0,3980.8,,,,,0.0,2746.6
697.11,0.0,3980.8,,,,,0.0,2746.6
698.11,0.0,3980.8,,,,,0.0,2746.6
699.11,0.0,3980.8,,,,,0.0,2746.6
700.11,0.0,3980.8,,,,,0.0,2746.6
701.11,0.0,3980.8,,,,,0.0,2746.6
702.11,0.0,3980.8,,,,,0.0,2746.6
703.11,0.0,3980.8,,,,,0.0,2746.6
704.11,0.0,3980.8,,,,,0.0,2746.6
705.11,0.0,3980.8,,,,,0.0,2746.6
706.11,0.0,3980.8,,,,,0.0,2746.6
707.11,0.0,3980.8,,,,,0.0,2746.6
708.11,0.0,3980.8,,,,,0.0,2746.6
709.11,0.0,3980.8,,,,,0.0,2746.6
710.11,0.0,3980.8,,,,,0.0,2746.6
711.11,0.0,3980.8,,,,,0.0,2746.6
712.11,0.0,3980.8,,,,,0.0,2746.6
713.11,0.0,3980.8,,,,,0.0,2746.6
714.11,0.0,3980.8,,,,,0.0,2746.6
715.11,0.0,3980.8,,,,,0.0,2746.6
716.11,0.0,3980.8,,,,,0.0,2746.6
717.11,0.0,3980.8,,,,,0.0,2746.6
718.11,0.0,3980.8,,,,,0.0,2746.6
719.11,0.0,3980.8,,,,,0.0,2746.6
720.11,0.0,3980.8,,,,,0.0,2746.6
721.11,0.0,3980.8,,,,,0.0,2746.6
722.11,0.0,3980.8,,,,,0.0,2746.6
723.11,0.0,3980.8,,,,,0.0,2746.6
724.11,0.0,3980.8,,,,,0.0,2746.6
725.11,0.0,3980.8,,,,,0.0,2746.6
726.11,0.0,3980.8,,,,,0.0,2746.6
727.11,0.0,3980.8,,,,,0.0,2746.6
728.11,0.0,3980.8,,,,,0.0,2746.6
729.11,0.0,3980.8,,,,,0.0,2746.6
730.11,0.0,3980.8,,,,,0.0,2746.6
731.11,0.0,3980.8,,,,,0.0,2746.6
732.11,0.0,3980.8,,,,,0.0,2746.6
733.11,0.0,3980.8,,,,,0.0,2746.6
734.11,0.0,3980.8,,,,,0.0,2746.6
735.11,0.0,3980.8,,,,,0.0,2746.6
736.11,0.0,3980.8,,,,,0.0,2746.6
737.11,0.0,3980.8,,,,,0.0,2746.6
738.11,0.0,3980.8,,,,,0.0,2746.6
739.11,0.0,3980.8,,,,,0.0,2746.6
740.11,0.0,3980.8,,,,,0.0,2746.6
741.11,0.0,3980.8,,,,,0.0,2746.6
742.11,0.0,3980.8,,,,,0.0,2746.6
743.11,0.0,3980.8,,,,,0.0,2746.6
744.11,0.0,3980.8,,,,,0.0,2746.6
745.11,0.0,3980.8,,,,,0.0,2746.6
746.11,0.0,3980.8,,,,,0.0,2746.6
747.11,0.0,3980.8,,,,,0.0,2746.6
748.11,0.0,3980.8,,,,,0.0,2746.6
749.11,0.0,3980.8,,,,,0.0,2746.6
750.11,0.0,3980.8,,,,,0.0,2746.6
751.11,0.0,3980.8,,,,,0.0,2746.6
752.11,0.0,3980.8,,,,,0.0,2746.6
753.12,0.0,3980.8,,,,,0.0,2746.6
754.12,0.0,3980.8,,,,,0.0,2746.6
755.12,0.0,3980.8,,,,,0.0,2746.6
756.12,0.0,3980.8,,,,,0.0,2746.6
757.12,0.0,3980.8,,,,,0.0,2746.6
758.12,0.0,3980.8,,,,,0.0,2746.6
759.12,0.0,3980.8,,,,,0.0,2746.6
760.12,0.0,3980.8,,,,,0.0,2746.6
761.12,0.0,3980.8,,,,,0.0,2746.6
762.12,0.0,3980.8,,,,,0.0,2746.6
763.12,0.0,3980.8,,,,,0.0,2746.6
764.12,0.0,3980.8,,,,,0.0,2746.6
765.12,0.0,3980.8,,,,,0.0,2746.6
766.12,0.0,3980.8,,,,,0.0,2746.6
767.12,0.0,3980.8,,,,,0.0,2746.6
768.12,0.0,3980.8,,,,,0.0,2746.6
769.12,0.0,3980.8,,,,,0.0,2746.6
770.12,0.0,3980.8,,,,,0.0,2746.6
771.12,0.0,3980.8,,,,,0.0,2746.6
772.12,0.0,3980.8,,,,,0.0,2746.6
773.12,0.0,3980.8,,,,,0.0,2746.6
774.12,0.0,3980.8,,,,,0.0,2746.6
775.12,0.0,3980.8,,,,,0.0,2746.6
776.12,0.0,3980.8,,,,,0.0,2746.6
777.12,0.0,3980.8,,,,,0.0,2746.6
778.12,0.0,3980.8,,,,,0.0,2746.6
779.12,0.0,3980.8,,,,,0.0,2746.6
780.12,0.0,3980.8,,,,,0.0,2746.6
781.12,0.0,3980.8,,,,,0.0,2746.6
782.12,0.0,3980.8,,,,,0.0,2746.6
783.12,0.0,3980.8,,,,,0.0,2746.6
784.12,0.0,3980.8,,,,,0.0,2746.6
785.12,0.0,3980.8,,,,,0.0,2746.6
786.12,0.0,3980.8,,,,,0.0,2746.6
787.12,0.0,3980.8,,,,,0.0,2746.6
788.12,0.0,3980.8,,,,,0.0,2746.6
789.12,0.0,3980.8,,,,,0.0,2746.6
790.12,0.0,3980.8,,,,,0.0,2746.6
791.12,0.0,3980.8,,,,,0.0,2746.6
792.12,0.0,3980.8,,,,,0.0,2746.6
793.12,0.0,3980.8,,,,,0.0,2746.6
794.12,0.0,3980.8,,,,,0.0,2746.6
795.12,0.0,3980.8,,,,,0.0,2746.6
796.12,0.0,3980.8,,,,,0.0,2746.6
797.12,0.0,3980.8,,,,,0.0,2746.6
798.12,0.0,3980.8,,,,,0.0,2746.6
799.12,0.0,3980.8,,,,,0.0,2746.6
800.12,0.0,3980.8,,,,,0.0,2746.6
801.12,0.0,3980.8,,,,,0.0,2746.6
802.12,0.0,3980.8,,,,,0.0,2746.6
803.12,0.0,3980.8,,,,,0.0,2746.6
804.12,0.0,3980.8,,,,,0.0,2746.6
805.12,0.0,3980.8,,,,,0.0,2746.6
806.12,0.0,3980.8,,,,,0.0,2746.6
807.12,0.0,3980.8,,,,,0.0,2746.6
808.12,0.0,3980.8,,,,,0.0,2746.6
809.12,0.0,3980.8,,,,,0.0,2746.6
810.12,0.0,3980.8,,,,,0.0,2746.6
811.12,0.0,3980.8,,,,,0.0,2746.6
812.12,0.0,3980.8,,,,,0.0,2746.6
813.12,0.0,3980.8,,,,,0.0,2746.6
814.12,0.0,3980.8,,,,,0.0,2746.6
815.12,0.0,3980.8,,,,,0.0,2746.6
816.12,0.0,3980.8,,,,,0.0,2746.6
817.12,0.0,3980.8,,,,,0.0,2746.6
818.12,0.0,3980.8,,,,,0.0,2746.6
819.12,0.0,3980.8,,,,,0.0,2746.6
820.12,0.0,3980.8,,,,,0.0,2746.6
821.12,0.0,3980.8,,,,,0.0,2746.6
822.12,0.0,3980.8,,,,,0.0,2746.6
823.12,0.0,3980.8,,,,,0.0,2746.6
824.12,0.0,3980.8,,,,,0.0,2746.6
825.12,0.0,3980.8,,,,,0.0,2746.6
826.12,0.0,3980.8,,,,,0.0,2746.6
827.12,0.0,3980.8,,,,,0.0,2746.6
828.12,0.0,3980.8,,,,,0.0,2746.6
829.12,0.0,3980.8,,,,,0.0,2746.6
830.12,0.0,3980.8,,,,,0.0,2746.6
831.12,0.0,3980.8,,,,,0.0,2746.6
832.13,0.0,3980.8,,,,,0.0,2746.6
833.13,0.0,3980.8,,,,,0.0,2746.6
834.13,0.0,3980.8,,,,,0.0,2746.6
835.13,0.0,3980.8,,,,,0.0,2746.6
836.13,0.0,3980.8,,,,,0.0,2746.6
837.13,0.0,3980.8,,,,,0.0,2746.6
838.13,0.0,3980.8,,,,,0.0,2746.6
839.13,0.0,3980.8,,,,,0.0,2746.6
840.13,0.0,3980.8,,,,,0.0,2746.6
841.13,0.0,3980.8,,,,,0.0,2746.6
842.13,0.0,3980.8,,,,,0.0,2746.6
843.13,0.0,3980.8,,,,,0.0,2746.6
844.13,0.0,3980.8,,,,,0.0,2746.6
845.13,0.0,3980.8,,,,,0.0,2746.6
846.13,0.0,3980.8,,,,,0.0,2746.6
847.13,0.0,3980.8,,,,,0.0,2746.6
848.13,0.0,3980.8,,,,,0.0,2746.6
849.13,0.0,3980.8,,,,,0.0,2746.6
850.13,0.0,3980.8,,,,,0.0,2746.6
851.13,0.0,3980.8,,,,,0.0,2746.6
852.13,0.0,3980.8,,,,,0.0,2746.6
853.13,0.0,3980.8,,,,,0.0,2746.6
854.13,0.0,3980.8,,,,,0.0,2746.6
855.13,0.0,3980.8,,,,,0.0,2746.6
856.13,0.0,3980.8,,,,,0.0,2746.6
857.13,0.0,3980.8,,,,,0.0,2746.6
858.13,0.0,3980.8,,,,,0.0,2746.6
859.13,0.0,3980.8,,,,,0.0,2746.6
860.13,0.0,3980.8,,,,,0.0,2746.6
861.13,0.0,3980.8,,,,,0.0,2746.6
862.13,0.0,3980.8,,,,,0.0,2746.6
863.13,0.0,3980.8,,,,,0.0,2746.6
864.13,0.0,3980.8,,,,,0.0,2746.6
865.13,0.0,3980.8,,,,,0.0,2746.6
866.13,0.0,3980.8,,,,,0.0,2746.6
867.13,0.0,3980.8,,,,,0.0,2746.6
868.13,0.0,3980.8,,,,,0.0,2746.6
869.13,0.0,3980.8,,,,,0.0,2746.6
870.13,0.0,3980.8,,,,,0.0,2746.6
871.13,0.0,3980.8,,,,,0.0,2746.6
872.13,0.0,3980.8,,,,,0.0,2746.6
873.13,0.0,3980.8,,,,,0.0,2746.6
874.13,0.0,3980.8,,,,,0.0,2746.6
875.13,0.0,3980.8,,,,,0.0,2746.6
876.13,0.0,3980.8,,,,,0.0,2746.6
877.13,0.0,3980.8,,,,,0.0,2746.6
878.13,0.0,3980.8,,,,,0.0,2746.6
879.13,0.0,3980.8,,,,,0.0,2746.6
880.13,0.0,3980.8,,,,,0.0,2746.6
881.13,0.0,3980.8,,,,,0.0,2746.6
882.13,0.0,3980.8,,,,,0.0,2746.6
883.13,0.0,3980.8,,,,,0.0,2746.6
884.13,0.0,3980.8,,,,,0.0,2746.6
885.13,0.0,3980.8,,,,,0.0,2746.6
886.13,0.0,3980.8,,,,,0.0,2746.6
887.13,0.0,3980.8,,,,,0.0,2746.6
888.13,0.0,3980.8,,,,,0.0,2746.6
889.13,0.0,3980.8,,,,,0.0,2746.6
890.13,0.0,3980.8,,,,,0.0,2746.6
891.13,0.0,3980.8,,,,,0.0,2746.6
892.13,0.0,3980.8,,,,,0.0,2746.6
893.13,0.0,3980.8,,,,,0.0,2746.6
894.13,0.0,3980.8,,,,,0.0,2746.6
895.13,0.0,3980.8,,,,,0.0,2746.6
896.13,0.0,3980.8,,,,,0.0,2746.6
897.13,0.0,3980.8,,,,,0.0,2746.6
898.13,0.0,3980.8,,,,,0.0,2746.6
899.13,0.0,3980.8,,,,,0.0,2746.6
900.14,0.0,3980.8,,,,,0.0,2746.6
901.14,0.0,3980.8,,,,,0.0,2746.6
902.14,0.0,3980.8,,,,,0.0,2746.6
903.14,0.0,3980.8,,,,,0.0,2746.6
904.14,0.0,3980.8,,,,,0.0,2746.6
905.14,0.0,3980.8,,,,,0.0,2746.6
906.14,0.0,3980.8,,,,,0.0,2746.6
907.14,0.0,3980.8,,,,,0.0,2746.6
908.14,0.0,3980.8,,,,,0.0,2746.6
909.14,0.0,3980.8,,,,,0.0,2746.6
910.14,0.0,3980.8,,,,,0.0,2746.6
911.14,0.0,3980.8,,,,,0.0,2746.6
912.14,0.0,3980.8,,,,,0.0,2746.6
913.14,0.0,3980.8,,,,,0.0,2746.6
914.14,0.0,3980.8,,,,,0.0,2746.6
915.14,0.0,3980.8,,,,,0.0,2746.6
916.14,0.0,3980.8,,,,,0.0,2746.6
917.14,0.0,3980.8,,,,,0.0,2746.6
918.14,0.0,3980.8,,,,,0.0,2746.6
919.14,0.0,3980.8,,,,,0.0,2746.6
920.14,0.0,3980.8,,,,,0.0,2746.6
921.14,0.0,3980.8,,,,,0.0,2746.6
922.14,0.0,3980.8,,,,,0.0,2746.6
923.14,0.0,3980.8,,,,,0.0,2746.6
924.14,0.0,3980.8,,,,,0.0,2746.6
925.14,0.0,3980.8,,,,,0.0,2746.6
926.14,0.0,3980.8,,,,,0.0,2746.6
927.14,0.0,3981.2,,,,,0.0,2894.5
928.14,0.33,4012.8,,,,,0.66,2797.8
929.14,50.0,4037.3,,,,,100.0,2796.0
930.14,50.0,4061.9,,,,,100.0,2794.9
931.14,27.97,4084.7,,,,,55.93,2803.3
932.14,50.0,4035.5,,,,,100.0,2803.4
933.14,28.3,4037.3,,,,,56.59,2794.5
934.14,50.0,4061.9,,,,,100.0,2800.7
935.14,50.0,4061.9,,,,,100.0,2797.4
936.14,50.0,4060.1,,,,,100.0,2804.0
937.14,50.0,4012.7,,,,,100.0,2804.0
938.14,27.97,4012.8,,,,,55.94,2797.5
939.14,27.97,4061.9,,,,,55.94,2801.6
940.14,50.0,4086.4,,,,,100.0,2802.0
941.14,50.0,4060.1,,,,,100.0,2804.7
942.14,50.0,4012.7,,,,,100.0,2804.8
943.14,27.97,4037.3,,,,,55.94,2801.9
944.14,50.0,4037.3,,,,,100.0,2800.1
945.14,27.96,4109.1,,,,,55.93,2803.7
946.14,50.0,4060.1,,,,,100.0,2805.1
947.14,50.0,4012.7,,,,,100.0,2799.3
948.14,27.97,4037.3,,,,,55.93,2802.5
949.14,50.0,4061.9,,,,,100.0,2803.0
950.14,50.0,4084.7,,,,,100.0,2805.8
951.15,50.0,4035.5,,,,,100.0,2805.9
952.15,28.27,4012.8,,,,,56.54,2803.1
953.15,27.97,4037.3,,,,,55.95,2802.4
954.15,50.0,4061.9,,,,,100.0,2800.4
955.15,50.0,4084.7,,,,,100.0,2806.6
956.15,50.0,4035.5,,,,,100.0,2806.7
957.15,28.29,4012.8,,,,,56.59,2799.9
958.15,50.0,4037.3,,,,,100.0,2798.3
959.15,27.99,4086.4,,,,,55.97,2804.5
960.15,50.0,4084.7,,,,,100.0,2807.1
961.15,50.0,4035.5,,,,,100.0,2807.2
962.15,28.3,4037.3,,,,,56.6,2804.3
963.15,50.0,4037.3,,,,,100.0,2801.0
964.15,50.0,4061.9,,,,,100.0,2799.7
965.15,50.0,4060.1,,,,,100.0,2807.5
966.15,27.98,4035.5,,,,,55.95,2807.5
967.15,28.29,4037.3,,,,,56.59,2804.9
968.15,50.0,4061.9,,,,,100.0,2805.0
969.15,50.0,4061.9,,,,,100.0,2802.0
970.15,50.0,4060.1,,,,,100.0,2807.9
971.15,50.0,4012.7,,,,,100.0,2808.1
972.15,27.99,4012.8,,,,,55.97,2801.9
973.15,27.95,4061.9,,,,,55.9,2805.7
974.15,50.0,4109.1,,,,,100.0,2807.0
975.15,50.0,4060.1,,,,,100.0,2808.4
976.15,50.0,4012.7,,,,,100.0,2808.6
977.15,27.95,4037.3,,,,,55.89,2805.9
978.15,50.0,4037.3,,,,,100.0,2806.3
979.15,50.0,4084.7,,,,,100.0,2808.9
980.15,27.95,4060.1,,,,,55.9,2809.0
981.15,50.0,4012.7,,,,,100.0,2804.4
982.15,27.97,4037.3,,,,,55.95,2802.1
983.15,50.0,4061.9,,,,,100.0,2800.2
984.15,50.0,4084.7,,,,,100.0,2809.2
985.15,50.0,4035.5,,,,,100.0,2809.4
986.15,28.32,4012.8,,,,,56.63,2800.0
987.15,27.97,4061.9,,,,,55.93,2806.8
988.15,50.0,4061.9,,,,,100.0,2802.9
989.15,50.0,4084.7,,,,,100.0,2809.7
990.15,50.0,4035.5,,,,,100.0,2809.8
991.15,28.3,4012.8,,,,,56.6,2802.8
992.15,50.0,4037.3,,,,,100.0,2807.7
993.15,50.0,4061.9,,,,,100.0,2807.8
994.15,27.97,4084.7,,,,,55.93,2810.1
995.15,50.0,4035.5,,,,,100.0,2810.2
996.15,28.29,4037.3,,,,,56.59,2807.6
997.15,50.0,4037.3,,,,,100.0,2804.5
998.15,50.0,4061.9,,,,,100.0,2808.3
999.15,50.0,4060.1,,,,,100.0,2810.4
1000.15,27.97,4035.5,,,,,55.94,2810.5
1001.15,50.0,4012.8,,,,,100.0,2808.0
1002.15,27.97,4061.9,,,,,55.94,2808.2
1003.15,50.0,4086.4,,,,,100.0,2808.6
1004.15,50.0,4060.1,,,,,100.0,2811.0
1005.15,50.0,4012.7,,,,,100.0,2811.1
1006.15,27.95,4012.8,,,,,55.9,2807.2
1007.15,50.0,4037.3,,,,,100.0,2804.7
1008.15,27.94,4109.1,,,,,55.87,2810.2
1009.15,50.0,4060.1,,,,,100.0,2811.5
1010.15,50.0,4012.7,,,,,100.0,2804.1
1011.15,27.98,4037.3,,,,,55.96,2802.3
1012.15,50.0,4061.9,,,,,100.0,2809.1
1013.15,50.0,4084.7,,,,,100.0,2811.5
1014.15,27.96,4060.1,,,,,55.93,2811.6
1015.15,50.0,4012.8,,,,,100.0,2808.7
1016.15,27.96,4037.3,,,,,55.93,2804.8
1017.16,50.0,4061.9,,,,,100.0,2809.5
1018.16,50.0,4084.7,,,,,100.0,2811.8
1019.16,50.0,4035.5,,,,,100.0,2811.9
1020.16,28.3,4012.8,,,,,56.61,2809.3
1021.16,50.0,4012.8,,,,,100.0,2806.9
1022.16,27.97,4061.9,,,,,55.93,2809.9
1023.16,50.0,4084.7,,,,,100.0,2812.3
1024.16,50.0,4035.5,,,,,100.0,2812.4
1025.16,28.29,4012.8,,,,,56.58,2806.1
1026.16,50.0,4037.3,,,,,100.0,2810.3
1027.16,50.0,4061.9,,,,,100.0,2810.6
1028.16,27.98,4084.7,,,,,55.95,2812.6
1029.16,50.0,4035.5,,,,,100.0,2812.7
1030.16,28.29,4037.3,,,,,56.58,2810.1
1031.16,50.0,4037.3,,,,,100.0,2808.6
1032.16,50.0,4061.9,,,,,100.0,2806.4
1033.16,50.0,4060.1,,,,,100.0,2813.1
1034.16,27.97,4035.5,,,,,55.94,2813.1
1035.16,50.0,4012.8,,,,,100.0,2806.0
1036.16,27.98,4061.9,,,,,55.97,2804.2
1037.16,50.0,4086.4,,,,,100.0,2811.1
1038.16,50.0,4060.1,,,,,100.0,2813.4
1039.16,50.0,4012.7,,,,,100.0,2813.4
1040.16,27.98,4037.3,,,,,55.96,2810.4
1041.16,50.0,4037.3,,,,,100.0,2807.2
1042.16,27.98,4109.1,,,,,55.96,2812.4
1043.16,50.0,4060.1,,,,,100.0,2813.5
1044.16,50.0,4012.7,,,,,100.0,2806.1
1045.16,27.94,4037.3,,,,,55.88,2810.9
1046.16,50.0,4061.9,,,,,100.0,2811.2
1047.16,50.0,4084.7,,,,,100.0,2813.8
1048.16,27.96,4060.1,,,,,55.93,2813.9
1049.16,50.0,4012.8,,,,,100.0,2811.2
1050.16,27.95,4037.3,,,,,55.91,2809.0
1051.16,50.0,4061.9,,,,,100.0,2811.7
1052.16,50.0,4084.7,,,,,100.0,2814.1
1053.16,50.0,4035.5,,,,,100.0,2814.2
1054.16,28.28,4012.8,,,,,56.55,2811.9
1055.16,50.0,4037.3,,,,,100.0,2812.2
1056.16,27.96,4086.4,,,,,55.91,2805.0
1057.16,50.0,4084.7,,,,,100.0,2814.4
1058.16,50.0,4035.5,,,,,100.0,2814.5
1059.16,28.3,4012.8,,,,,56.6,2810.1
1060.16,50.0,4037.3,,,,,100.0,2807.9
1061.16,50.0,4061.9,,,,,100.0,2806.9
1062.16,27.98,4084.7,,,,,55.95,2814.7
1063.16,50.0,4035.5,,,,,100.0,2814.8
1064.16,28.3,4037.3,,,,,56.6,2805.7
1065.16,50.0,4061.9,,,,,100.0,2812.5
1066.16,50.0,4061.9,,,,,100.0,2808.8
1067.16,50.0,4060.1,,,,,100.0,2815.2
1068.16,50.0,4012.7,,,,,100.0,2815.2
1069.16,27.99,4012.8,,,,,55.98,2808.3
1070.16,27.94,4061.9,,,,,55.87,2813.0
1071.16,50.0,4086.4,,,,,100.0,2813.2
1072.16,50.0,4060.1,,,,,100.0,2815.4
1073.16,50.0,4012.7,,,,,100.0,2815.5
1074.16,27.97,4037.3,,,,,55.95,2812.9
1075.16,50.0,4037.3,,,,,100.0,2810.4
1076.16,27.97,4109.1,,,,,55.94,2814.5
1077.16,50.0,4060.1,,,,,100.0,2815.8
1078.16,50.0,4012.7,,,,,100.0,2809.5
1079.16,27.95,4037.3,,,,,55.9,2813.5
1080.16,50.0,4061.9,,,,,100.0,2813.9
1081.16,50.0,4084.7,,,,,100.0,2816.1
1082.17,50.0,4035.5,,,,,100.0,2816.1
1083.17,28.27,4012.8,,,,,56.54,2813.7
1084.17,27.99,4037.3,,,,,55.97,2812.3
1085.17,50.0,4061.9,,,,,100.0,2810.0
1086.17,50.0,4084.7,,,,,100.0,2816.6
1087.17,50.0,4035.5,,,,,100.0,2816.7
1088.17,28.3,4012.8,,,,,56.6,2809.2
1089.17,50.0,4037.3,,,,,100.0,2808.2
1090.17,27.98,4086.4,,,,,55.97,2814.6
1091.17,50.0,4084.7,,,,,100.0,2816.7
1092.17,50.0,4035.5,,,,,100.0,2816.7
1093.17,28.3,4037.3,,,,,56.59,2814.0
1094.17,50.0,4037.3,,,,,100.0,2810.4
1095.17,50.0,4061.9,,,,,100.0,2809.5
1096.17,50.0,4060.1,,,,,100.0,2817.2
1097.17,27.94,4035.5,,,,,55.88,2817.2
1098.17,28.3,4037.3,,,,,56.6,2814.6
1099.17,50.0,4061.9,,,,,100.0,2815.1
1100.17,50.0,4061.9,,,,,100.0,2813.2
1101.17,50.0,4060.1,,,,,100.0,2817.5
1102.17,50.0,4012.7,,,,,100.0,2817.5
1103.17,27.95,4012.8,,,,,55.91,2811.8
1104.17,27.95,4061.9,,,,,55.9,2815.4
1105.17,50.0,4109.1,,,,,100.0,2816.5
1106.17,50.0,4060.1,,,,,100.0,2817.5
1107.17,50.0,4012.7,,,,,100.0,2817.7
1108.17,27.96,4037.3,,,,,55.93,2815.0
1109.17,50.0,4037.3,,,,,100.0,2814.6
1110.17,50.0,4084.7,,,,,100.0,2817.9
1111.17,27.97,4060.1,,,,,55.94,2818.0
1112.17,50.0,4012.7,,,,,100.0,2813.4
1113.17,27.97,4037.3,,,,,55.93,2810.2
1114.17,50.0,4061.9,,,,,100.0,2815.5
1115.17,50.0,4084.7,,,,,100.0,2817.9
1116.17,50.0,4035.5,,,,,100.0,2818.0
1117.17,28.3,4012.8,,,,,56.6,2815.5
1118.17,27.99,4037.3,,,,,55.99,2814.5
1119.17,50.0,4061.9,,,,,100.0,2811.2
1120.17,50.0,4084.7,,,,,100.0,2818.2
1121.17,50.0,4035.5,,,,,100.0,2818.3
1122.17,28.3,4012.8,,,,,56.6,2810.9
1123.17,50.0,4037.3,,,,,100.0,2816.1
1124.17,50.0,4061.9,,,,,100.0,2816.5
1125.17,27.96,4084.7,,,,,55.93,2818.4
1126.17,50.0,4035.5,,,,,100.0,2818.5
1127.17,28.3,4037.3,,,,,56.61,2816.0
1128.17,50.0,4037.3,,,,,100.0,2813.5
1129.17,50.0,4061.9,,,,,100.0,2816.9
1130.17,50.0,4060.1,,,,,100.0,2818.9
1131.17,27.94,4035.5,,,,,55.87,2818.9
1132.17,28.3,4037.3,,,,,56.6,2816.3
1133.17,50.0,4061.9,,,,,100.0,2816.6
1134.17,50.0,4086.4,,,,,100.0,2816.7
1135.17,50.0,4060.1,,,,,100.0,2818.8
1136.17,50.0,4012.7,,,,,100.0,2818.8
1137.17,27.95,4012.8,,,,,55.9,2814.7
1138.17,50.0,4037.3,,,,,100.0,2812.5
1139.17,27.97,4109.1,,,,,55.94,2818.2
1140.17,50.0,4060.1,,,,,100.0,2819.1
1141.17,50.0,4012.7,,,,,100.0,2811.6
1142.17,27.97,4037.3,,,,,55.94,2816.6
1143.17,50.0,4037.3,,,,,100.0,2815.8
1144.17,50.0,4084.7,,,,,100.0,2819.4
1145.17,27.94,4060.1,,,,,55.88,2819.4
1146.18,50.0,3988.2,,,,,100.0,2815.9
1147.18,27.97,4037.3,,,,,55.95,2812.2
1148.18,50.0,4061.9,,,,,100.0,2817.4
1149.18,50.0,4084.7,,,,,100.0,2819.5
1150.18,50.0,4035.5,,,,,100.0,2819.6
1151.18,28.29,4012.8,,,,,56.57,2817.3
1152.18,50.0,4037.3,,,,,100.0,2817.4
1153.18,27.97,4061.9,,,,,55.94,2814.2
1154.18,50.0,4084.7,,,,,100.0,2820.0
1155.18,50.0,4035.5,,,,,100.0,2820.1
1156.18,28.32,4012.8,,,,,56.63,2817.5
1157.18,50.0,4037.3,,,,,100.0,2818.0
1158.18,50.0,4061.9,,,,,100.0,2818.4
1159.18,27.95,4084.6,,,,,55.9,2820.0
1160.18,50.0,4035.5,,,,,100.0,2820.1
1161.18,28.29,3987.9,,,,,56.59,2833.7
